[
    {
        "nama" : "Teguh Subagyo",
        "Nim" : "1503040072",
        "email" : "teguh11@gmail.com",
        "jurusan" : "Teknik informatika",
        "Iddosen" : 1
    },
    {
        "nama" : "Ahmad",
        "Nim" : "1503040073",
        "email" : "Ahmad@gmail.com",
        "jurusan" : "Teknik informatika",
        "Iddosen" : 2
    },
    {
        "nama" : "Doddy",
        "Nim" : "1503040074",
        "email" : "Doddy@gmail.com",
        "jurusan" : "Teknik informatika",
        "Iddosen" : 3
    }

]